{
  "hw": "b200",
  "model": "nvidia/DeepSeek-R1-0528-FP4",
  "framework": "sglang",
  "precision": "fp4",
  "isl": 1024,
  "osl": 1024,
  "tp": 8,
  "ep": 8,
  "conc": 256,
  "profile": "dsr1-fp4",
  "image": "lmsysorg/sglang:dev-cu13",
  "tuning": 1,
  "host": "gpu-dp-96sjj-gkwph",
  "ts": "2026-06-11T23:32:12+00:00",
  "metrics": {
    "successful_requests": 2560,
    "total_token_throughput": 13490.324740745904,
    "output_token_throughput": 6727.090600070596,
    "request_throughput": 13.290356786564308,
    "median_ttft_ms": 634.1820501256734,
    "p99_ttft_ms": 2816.3925366010517,
    "median_tpot_ms": 35.31994775784981,
    "p99_tpot_ms": 53.032350480653314,
    "median_itl_ms": 243.21345938369632,
    "median_e2el_ms": 18118.97017620504,
    "p99_e2el_ms": 38473.92519453073
  },
  "gpu": {
    "n_gpus": 8,
    "mean_power_per_gpu_w": 546.2,
    "total_avg_power_w": 4369.4,
    "peak_power_per_gpu_w": 813.6,
    "tokens_per_kw": 1539.6
  }
}